word,reading,english_meaning,vietnamese_meaning,vietnamese_explanation,source,page,notes
その他,そのた,other / others,khác / những mục khác,Từ dùng để chỉ các mục hoặc nội dung khác không nằm trong những nhóm đã nêu trước đó.,筋肉リスト.pdf,1,
その他の筋肉はコースでは使用しませんが,そのたのきんにくはコースではしようしませんが,"Other muscles are not used in the course, but ...","Các cơ khác không được sử dụng trong khóa học, nhưng...","Cụm câu giải thích rằng những cơ không được đánh dấu có thể không được học chính trong khóa, dù vẫn có thể liên quan đến phạm vi kiểm tra.",筋肉リスト.pdf,1,
それ以外の筋肉は筆記試験で必要となります,それいがいのきんにくはひっきしけんでひつようとなります,The other muscles are required for the written exam.,Các cơ còn lại cần cho bài thi viết,Câu hướng dẫn học tập: những cơ ngoài nhóm chính vẫn cần được biết để làm bài thi viết.,STOTT PILATES解剖学資料.pdf,3,
つの基準面,つのきじゅんめん,reference planes (fragment),các mặt phẳng chuẩn,Mảnh câu nói về các mặt phẳng chuẩn dùng trong giải phẫu để mô tả hướng và chuyển động của cơ thể.,筋肉リスト.pdf,2,
の筋肉を扱います,のきんにくをあつかいます,covers/deals with the muscles (fragment),học / đề cập đến các cơ,Mảnh câu cho biết khóa học sẽ tập trung vào hoặc đề cập đến một nhóm cơ nhất định.,筋肉リスト.pdf,1,
アイソメトリック,アイソメトリック,isometric,co cơ đẳng trường,Kiểu co cơ trong đó cơ tạo lực nhưng chiều dài cơ và góc khớp gần như không thay đổi.,STOTT PILATES解剖学資料.pdf,1,
エキセントリック,エキセントリック,eccentric,co cơ ly tâm,"Kiểu co cơ khi cơ vẫn tạo lực nhưng dài ra, ví dụ khi từ từ hạ một vật nặng xuống.",STOTT PILATES解剖学資料.pdf,1,
コンセントリック,コンセントリック,concentric,co cơ hướng tâm,"Kiểu co cơ khi cơ ngắn lại để tạo chuyển động, ví dụ khi nâng tạ lên.",STOTT PILATES解剖学資料.pdf,1,
コースでは主に,コースではおもに,mainly in the course (fragment),chủ yếu trong khóa học,Mảnh câu dùng để chỉ những nội dung được ưu tiên hoặc tập trung nhiều nhất trong khóa học.,筋肉リスト.pdf,1,
ヒラメ筋,ひらめきん,soleus muscle,cơ dép,"Cơ nằm sâu ở bắp chân, hỗ trợ gấp gan bàn chân và rất quan trọng khi đứng, đi bộ và giữ thăng bằng.",STOTT PILATES解剖学資料.pdf,4,
マークは主要な筋肉で養成コースで必要です,マークはしゅようなきんにくでようせいコースでひつようです,The marked muscles are major muscles required in the training course.,Các cơ được đánh dấu là cơ chính cần cho khóa đào tạo,Câu chú thích cho biết những cơ có dấu đánh dấu là các cơ quan trọng cần học trong khóa.,STOTT PILATES解剖学資料.pdf,3,
三角筋,さんかくきん,deltoid muscle,cơ delta,"Cơ lớn phủ quanh vai; chức năng chính là nâng cánh tay sang bên, đồng thời hỗ trợ gấp và duỗi vai.",STOTT PILATES解剖学資料.pdf,3,
上双子筋と下双子筋,じょうそうしきんとかそうしきん,superior gemellus and inferior gemellus muscles,cơ sinh đôi trên và cơ sinh đôi dưới,"Hai cơ nhỏ sâu ở vùng mông, giúp xoay ngoài khớp háng và ổn định chỏm xương đùi.",STOTT PILATES解剖学資料.pdf,4,
上後鋸筋と下後鋸筋,じょうこうきょきんとかこうきょきん,serratus posterior superior and serratus posterior inferior muscles,cơ răng sau trên và cơ răng sau dưới,Hai cơ ở lưng liên quan đến cử động các xương sườn và hỗ trợ hô hấp.,STOTT PILATES解剖学資料.pdf,3,
上腕三頭筋,じょうわんさんとうきん,triceps brachii,cơ tam đầu cánh tay,"Cơ ở mặt sau cánh tay trên, có vai trò chính là duỗi khớp khuỷu.",STOTT PILATES解剖学資料.pdf,3,
上腕二頭筋,じょうわんにとうきん,biceps brachii,cơ nhị đầu cánh tay,"Cơ ở mặt trước cánh tay trên, giúp gấp khuỷu và ngửa cẳng tay.",STOTT PILATES解剖学資料.pdf,3,
上腕筋,じょうわんきん,brachialis muscle,cơ cánh tay,Cơ sâu ở mặt trước cánh tay trên; là một trong những cơ gấp khuỷu mạnh nhất.,STOTT PILATES解剖学資料.pdf,3,
上腕骨,じょうわんこつ,humerus,xương cánh tay,"Xương dài của cánh tay trên, nối khớp vai với khớp khuỷu.",STOTT PILATES解剖学資料.pdf,3,
上部,じょうぶ,upper part,phần trên,Chỉ phần nằm phía trên của một cấu trúc giải phẫu.,STOTT PILATES解剖学資料.pdf,3,
上頭斜筋と下頭斜筋,じょうとうしゃきんとかとうしゃきん,obliquus capitis superior and obliquus capitis inferior muscles,cơ chéo đầu trên và cơ chéo đầu dưới,"Hai cơ nhỏ sâu ở vùng dưới chẩm, hỗ trợ xoay, nghiêng và ổn định đầu.",STOTT PILATES解剖学資料.pdf,3,
下制,かせい,depression / downward movement,hạ xuống,"Chuyển động làm một cấu trúc đi xuống dưới, ví dụ hạ xương bả vai.",STOTT PILATES解剖学資料.pdf,2,
下半身,かはんしん,lower body,phần thân dưới,Khu vực cơ thể gồm vùng chậu và hai chi dưới.,STOTT PILATES解剖学資料.pdf,4,
下部繊維,かぶせんい,lower fibers,các sợi phần dưới,"Chỉ phần sợi cơ nằm ở vùng dưới của một cơ, thường có hướng kéo và chức năng riêng.",STOTT PILATES解剖学資料.pdf,3,
中斜角筋,ちゅうしゃかくきん,middle scalene muscle,cơ bậc thang giữa,"Cơ ở bên cổ, giúp nghiêng cổ và nâng xương sườn thứ nhất khi hít vào.",STOTT PILATES解剖学資料.pdf,3,
中臀筋,ちゅうでんきん,gluteus medius,cơ mông nhỡ,"Cơ ở mặt ngoài vùng mông, giúp dạng hông và giữ ổn định xương chậu khi đi bộ.",STOTT PILATES解剖学資料.pdf,4,
中部,ちゅうぶ,middle part,phần giữa,Chỉ phần trung tâm của một cấu trúc giải phẫu.,STOTT PILATES解剖学資料.pdf,3,
中間広筋,ちゅうかんこうきん,vastus intermedius,cơ rộng giữa,"Một phần của nhóm cơ tứ đầu đùi, nằm sâu dưới cơ thẳng đùi và giúp duỗi gối.",STOTT PILATES解剖学資料.pdf,4,
主動筋,しゅどうきん,prime mover / agonist,cơ chủ vận,Cơ đóng vai trò chính tạo ra một chuyển động cụ thể tại khớp.,STOTT PILATES解剖学資料.pdf,1,
仙骨,せんこつ,sacrum,xương cùng,"Xương hình tam giác ở đáy cột sống, nằm giữa hai xương chậu và truyền lực từ thân xuống chi dưới.",STOTT PILATES解剖学資料.pdf,4,
仮骨,かこつ,false ribs (in this document's rib classification context),xương sườn giả,"Trong ngữ cảnh này, chỉ các xương sườn không nối trực tiếp với xương ức bằng sụn riêng của chúng.",STOTT PILATES解剖学資料.pdf,3,Translated as 'false ribs' because that is how the source uses it; in other medical contexts 仮骨 can mean callus.
伸展,しんてん,extension,duỗi,"Chuyển động làm tăng góc giữa hai phần cơ thể, ví dụ duỗi khuỷu hoặc duỗi gối.",STOTT PILATES解剖学資料.pdf,2,
位置や方向の基本となる姿勢,いちやほうこうのきほんとなるしせい,the basic posture used to describe position and direction,tư thế chuẩn làm cơ sở mô tả vị trí và hướng,"Cụm này nói về tư thế giải phẫu chuẩn, dùng làm mốc thống nhất để mô tả vị trí và hướng trên cơ thể.",STOTT PILATES解剖学資料.pdf,1,
体幹と首の前面,たいかんとくびのぜんめん,front of the trunk and neck,mặt trước của thân mình và cổ,"Chỉ vùng phía trước của thân và cổ, nơi có nhiều cơ tham gia tư thế, hô hấp và vận động cổ.",筋肉リスト.pdf,1,
側屈,そっくつ,lateral flexion,nghiêng bên,Chuyển động nghiêng cổ hoặc thân sang một bên trong mặt phẳng trán.,STOTT PILATES解剖学資料.pdf,2,
僧帽筋,そうぼうきん,trapezius muscle,cơ thang,"Cơ lớn ở lưng trên và cổ, giúp nâng, hạ, khép và xoay xương bả vai.",STOTT PILATES解剖学資料.pdf,3,
内側広筋,ないそくこうきん,vastus medialis,cơ rộng trong,"Một phần của cơ tứ đầu đùi, nằm phía trong đùi và giúp duỗi gối, đồng thời ổn định xương bánh chè.",STOTT PILATES解剖学資料.pdf,4,
内反,ないはん,inversion,nghiêng bàn chân vào trong,Chuyển động làm lòng bàn chân hướng vào phía trong.,STOTT PILATES解剖学資料.pdf,2,
内旋,ないせん,internal rotation / medial rotation,xoay trong,Chuyển động xoay một chi quanh trục dọc sao cho mặt trước của chi hướng vào đường giữa cơ thể.,STOTT PILATES解剖学資料.pdf,2,
内肋間筋,ないろっかんきん,internal intercostal muscle,cơ gian sườn trong,"Cơ nằm giữa các xương sườn, hỗ trợ hô hấp, đặc biệt trong thở ra chủ động.",STOTT PILATES解剖学資料.pdf,3,
内腹斜筋,ないふくしゃきん,internal oblique muscle,cơ chéo bụng trong,"Cơ thành bụng giúp xoay và nghiêng thân, nén ổ bụng và hỗ trợ ổn định cột sống.",STOTT PILATES解剖学資料.pdf,3,
内転,ないてん,adduction,khép,Chuyển động đưa một bộ phận cơ thể về gần đường giữa.,STOTT PILATES解剖学資料.pdf,2,
円回内筋,えんかいないきん,pronator teres muscle,cơ sấp tròn,Cơ ở cẳng tay giúp xoay lòng bàn tay xuống và hỗ trợ gấp khuỷu.,STOTT PILATES解剖学資料.pdf,3,
分回し,ぶんまわし,circumduction,vận động vòng / xoay vòng,"Chuyển động hình nón kết hợp gấp, duỗi, dạng và khép, thường thấy ở vai hoặc hông.",STOTT PILATES解剖学資料.pdf,2,
前斜角筋,ぜんしゃかくきん,anterior scalene muscle,cơ bậc thang trước,"Cơ ở bên cổ, giúp gấp và nghiêng cổ, đồng thời nâng xương sườn thứ nhất khi hít vào.",STOTT PILATES解剖学資料.pdf,3,
前脛骨筋と後脛骨筋,ぜんけいこつきんとこうけいこつきん,tibialis anterior and tibialis posterior muscles,cơ chày trước và cơ chày sau,Hai cơ cẳng chân: cơ chày trước giúp gấp mu và nghiêng trong bàn chân; cơ chày sau giúp gấp gan chân và nâng đỡ vòm chân.,STOTT PILATES解剖学資料.pdf,4,
前腕,ぜんわん,forearm,cẳng tay,Phần chi trên nằm giữa khuỷu và cổ tay.,STOTT PILATES解剖学資料.pdf,2,
前部,ぜんぶ,front / anterior part,phần trước,Chỉ phần nằm về phía trước của một cấu trúc.,STOTT PILATES解剖学資料.pdf,3,
前鋸筋,ぜんきょきん,serratus anterior muscle,cơ răng trước,"Cơ ở thành ngực bên, giúp đưa xương bả vai ra trước và giữ xương bả vai áp sát lồng ngực.",STOTT PILATES解剖学資料.pdf,3,
前頭直筋と外側頭直筋,ぜんとうちょくきんとがいそくとうちょくきん,rectus capitis anterior and rectus capitis lateralis muscles,cơ thẳng đầu trước và cơ thẳng đầu bên,"Hai cơ nhỏ sâu ở vùng cổ trên, giúp gấp nhẹ và nghiêng đầu, đồng thời ổn định khớp đầu-cổ.",STOTT PILATES解剖学資料.pdf,3,
前額面,ぜんがくめん,frontal plane / coronal plane,mặt phẳng trán,Mặt phẳng chia cơ thể thành phần trước và phần sau; các động tác dạng và khép thường diễn ra chủ yếu trong mặt phẳng này.,STOTT PILATES解剖学資料.pdf,1,
動き,うごき,movement,chuyển động,Sự thay đổi vị trí của một bộ phận cơ thể hoặc khớp.,STOTT PILATES解剖学資料.pdf,2,
動きに対する役割,うごきにたいするやくわり,role in movement,vai trò đối với chuyển động,"Cách phân loại cơ dựa trên vai trò của chúng trong vận động, ví dụ cơ chủ vận, cơ đối kháng hoặc cơ hỗ trợ.",STOTT PILATES解剖学資料.pdf,1,
動きの断面,うごきのだんめん,planes/sections of movement,mặt phẳng của chuyển động,"Cách mô tả chuyển động theo các mặt phẳng giải phẫu như mặt phẳng dọc, trán và ngang.",STOTT PILATES解剖学資料.pdf,1,
半腱様筋,はんけんようきん,semitendinosus muscle,cơ bán gân,"Một cơ thuộc nhóm gân kheo ở mặt sau đùi, giúp gấp gối và duỗi hông.",STOTT PILATES解剖学資料.pdf,4,
半膜様筋,はんまくようきん,semimembranosus muscle,cơ bán màng,"Một cơ thuộc nhóm gân kheo, giúp gấp gối, duỗi hông và hỗ trợ xoay trong cẳng chân.",STOTT PILATES解剖学資料.pdf,4,
収縮方法,しゅうしゅくほうほう,method/type of contraction,kiểu co cơ,"Cách cơ tạo lực, ví dụ co hướng tâm, ly tâm hoặc đẳng trường.",STOTT PILATES解剖学資料.pdf,1,
呼吸,こきゅう,breathing / respiration,hô hấp,"Quá trình hít vào và thở ra để trao đổi khí, có sự tham gia của cơ hoành và các cơ gian sườn.",STOTT PILATES解剖学資料.pdf,3,
回内,かいない,pronation,sấp,"Ở cẳng tay, là động tác xoay để lòng bàn tay quay xuống hoặc ra sau trong tư thế giải phẫu.",STOTT PILATES解剖学資料.pdf,2,
回外,かいがい,supination,ngửa,"Ở cẳng tay, là động tác xoay để lòng bàn tay quay lên hoặc ra trước trong tư thế giải phẫu.",STOTT PILATES解剖学資料.pdf,2,
回外筋,かいがいきん,supinator muscle,cơ ngửa,Cơ ở cẳng tay giúp xoay cẳng tay sang tư thế ngửa.,STOTT PILATES解剖学資料.pdf,3,
回旋,かいせん,rotation,xoay,Chuyển động quay của một bộ phận cơ thể quanh trục của nó.,STOTT PILATES解剖学資料.pdf,2,
坐骨,ざこつ,ischium,xương ngồi,Phần dưới và sau của xương chậu; đây là vùng chịu trọng lượng khi ngồi.,STOTT PILATES解剖学資料.pdf,4,
外側広筋,がいそくこうきん,vastus lateralis,cơ rộng ngoài,"Một phần của cơ tứ đầu đùi, nằm phía ngoài đùi và giúp duỗi gối.",STOTT PILATES解剖学資料.pdf,4,
外反,がいはん,eversion,nghiêng bàn chân ra ngoài,Chuyển động làm lòng bàn chân hướng ra phía ngoài.,STOTT PILATES解剖学資料.pdf,2,
外旋,がいせん,external rotation / lateral rotation,xoay ngoài,Chuyển động xoay một chi quanh trục dọc sao cho mặt trước của chi hướng ra xa đường giữa cơ thể.,STOTT PILATES解剖学資料.pdf,2,
外肋間筋,がいろっかんきん,external intercostal muscle,cơ gian sườn ngoài,"Cơ nằm giữa các xương sườn, hỗ trợ nâng xương sườn khi hít vào.",STOTT PILATES解剖学資料.pdf,3,
外腹斜筋,がいふくしゃきん,external oblique muscle,cơ chéo bụng ngoài,"Cơ thành bụng giúp xoay và nghiêng thân, nén ổ bụng và hỗ trợ ổn định thân mình.",STOTT PILATES解剖学資料.pdf,3,
外転,がいてん,abduction,dạng,Chuyển động đưa một bộ phận cơ thể ra xa đường giữa.,STOTT PILATES解剖学資料.pdf,2,
外閉鎖筋と内閉鎖筋,がいへいさきんとないへいさきん,obturator externus and obturator internus muscles,cơ bịt ngoài và cơ bịt trong,Hai cơ sâu vùng hông giúp xoay ngoài đùi và ổn định chỏm xương đùi trong ổ cối.,STOTT PILATES解剖学資料.pdf,4,
多裂筋,たれつきん,multifidus muscle,cơ đa liên,"Nhóm cơ sâu dọc cột sống, giúp ổn định từng đốt sống và hỗ trợ duỗi, xoay cột sống.",STOTT PILATES解剖学資料.pdf,3,
大内転筋,だいないてんきん,adductor magnus,cơ khép lớn,"Cơ lớn ở mặt trong đùi, giúp khép hông; một phần còn hỗ trợ duỗi hông.",STOTT PILATES解剖学資料.pdf,4,
大円筋,だいえんきん,teres major,cơ tròn lớn,"Cơ nối xương bả vai với xương cánh tay, giúp khép, duỗi và xoay trong vai.",STOTT PILATES解剖学資料.pdf,3,
大後頭直筋と小後頭直筋,だいこうとうちょくきんとしょうこうとうちょくきん,rectus capitis posterior major and rectus capitis posterior minor muscles,cơ thẳng đầu sau lớn và nhỏ,"Hai cơ sâu dưới chẩm, giúp duỗi và xoay đầu, đồng thời ổn định vùng cổ trên.",STOTT PILATES解剖学資料.pdf,3,
大胸筋,だいきょうきん,pectoralis major,cơ ngực lớn,"Cơ lớn ở ngực trước, giúp khép và xoay trong cánh tay, đồng thời hỗ trợ gấp vai.",STOTT PILATES解剖学資料.pdf,3,
大腰筋,だいようきん,psoas major,cơ thắt lưng lớn,"Cơ sâu nối cột sống thắt lưng với xương đùi, là cơ gấp hông quan trọng và góp phần ổn định thân mình.",STOTT PILATES解剖学資料.pdf,4,
大腿二頭筋,だいたいにとうきん,biceps femoris,cơ nhị đầu đùi,"Một cơ gân kheo ở mặt sau đùi, giúp gấp gối và duỗi hông; đầu dài còn hỗ trợ xoay ngoài cẳng chân.",STOTT PILATES解剖学資料.pdf,4,
大腿方形筋,だいたいほうけいきん,quadratus femoris,cơ vuông đùi,"Cơ sâu ở vùng mông, giúp xoay ngoài và khép nhẹ khớp hông.",STOTT PILATES解剖学資料.pdf,4,
大腿直筋,だいたいちょくきん,rectus femoris,cơ thẳng đùi,Một phần của cơ tứ đầu đùi; vừa duỗi gối vừa hỗ trợ gấp hông.,STOTT PILATES解剖学資料.pdf,4,
大腿筋膜張筋,だいたいきんまくちょうきん,tensor fasciae latae,cơ căng mạc đùi,"Cơ ở mặt ngoài trước hông, giúp gấp, dạng và xoay trong hông, đồng thời căng dải chậu-chày.",STOTT PILATES解剖学資料.pdf,4,
大腿薄筋,だいたいはくきん,gracilis muscle,cơ thon,"Cơ dài ở mặt trong đùi, giúp khép hông và hỗ trợ gấp, xoay trong gối.",STOTT PILATES解剖学資料.pdf,4,
大臀筋,だいでんきん,gluteus maximus,cơ mông lớn,"Cơ lớn nhất vùng mông, có vai trò mạnh trong duỗi và xoay ngoài hông, đặc biệt khi đứng lên hoặc leo cầu thang.",STOTT PILATES解剖学資料.pdf,4,
大菱形筋,だいりょうけいきん,rhomboid major,cơ trám lớn,"Cơ nối cột sống với xương bả vai, giúp kéo xương bả vai vào trong và ổn định vai.",STOTT PILATES解剖学資料.pdf,3,
寛骨,かんこつ,hip bone / os coxae,xương hông,"Mỗi bên xương chậu được tạo bởi xương chậu, xương ngồi và xương mu hợp nhất.",STOTT PILATES解剖学資料.pdf,4,
小円筋,しょうえんきん,teres minor,cơ tròn bé,"Một cơ của chóp xoay, giúp xoay ngoài cánh tay và ổn định khớp vai.",STOTT PILATES解剖学資料.pdf,3,
小胸筋,しょうきょうきん,pectoralis minor,cơ ngực bé,"Cơ nằm sâu dưới cơ ngực lớn, kéo xương bả vai ra trước và xuống dưới, hỗ trợ ổn định vai.",STOTT PILATES解剖学資料.pdf,3,
小腰筋,しょうようきん,psoas minor,cơ thắt lưng bé,"Cơ nhỏ nằm trước cơ thắt lưng lớn; khi hiện diện, có thể hỗ trợ nhẹ việc gấp thân.",STOTT PILATES解剖学資料.pdf,4,
小臀筋,しょうでんきん,gluteus minimus,cơ mông bé,"Cơ sâu ở vùng mông, giúp dạng và xoay trong hông, đồng thời ổn định xương chậu khi đi bộ.",STOTT PILATES解剖学資料.pdf,4,
小菱形筋,しょうりょうけいきん,rhomboid minor,cơ trám bé,"Cơ ở lưng trên, giúp kéo và ổn định xương bả vai.",STOTT PILATES解剖学資料.pdf,3,
尺骨,しゃっこつ,ulna,xương trụ,"Một trong hai xương cẳng tay, nằm phía ngón út và tạo phần lớn khớp khuỷu với xương cánh tay.",STOTT PILATES解剖学資料.pdf,3,
尾骨,びこつ,coccyx,xương cụt,"Đoạn xương nhỏ ở tận cùng cột sống, bên dưới xương cùng.",STOTT PILATES解剖学資料.pdf,4,
尾骨筋,びこつきん,coccygeus muscle,cơ cụt,"Một cơ nhỏ của sàn chậu, hỗ trợ nâng đỡ các cơ quan vùng chậu và ổn định xương cụt.",STOTT PILATES解剖学資料.pdf,4,
屈曲,くっきょく,flexion,gấp,"Chuyển động làm giảm góc giữa hai phần cơ thể, ví dụ gấp khuỷu hoặc gấp gối.",STOTT PILATES解剖学資料.pdf,2,
広背筋,こうはいきん,latissimus dorsi,cơ lưng rộng,"Cơ lớn ở lưng, giúp duỗi, khép và xoay trong cánh tay tại khớp vai.",STOTT PILATES解剖学資料.pdf,3,
底屈,ていくつ,plantar flexion,gấp gan chân,Chuyển động đưa bàn chân xuống như khi nhón chân hoặc đạp bàn đạp.,STOTT PILATES解剖学資料.pdf,2,
後斜角筋,こうしゃかくきん,posterior scalene muscle,cơ bậc thang sau,"Cơ bên cổ, giúp nghiêng cổ và nâng xương sườn thứ hai khi hít vào.",STOTT PILATES解剖学資料.pdf,3,
後部繊維,こうぶせんい,posterior fibers,các sợi phía sau,"Chỉ phần sợi cơ nằm ở mặt sau của một cơ, thường có chức năng khác với phần trước hoặc giữa.",STOTT PILATES解剖学資料.pdf,3,
恥骨,ちこつ,pubis / pubic bone,xương mu,"Phần trước và dưới của xương hông, hai bên nối nhau tại khớp mu.",STOTT PILATES解剖学資料.pdf,4,
恥骨筋,ちこつきん,pectineus muscle,cơ lược,"Cơ ở phần trên trong đùi, giúp khép và gấp hông.",STOTT PILATES解剖学資料.pdf,4,
手足,てあし,hands and feet / limbs,tay và chân / các chi,Cách gọi chung cho phần xa của các chi; tùy ngữ cảnh có thể nhấn mạnh bàn tay và bàn chân.,STOTT PILATES解剖学資料.pdf,2,
拮抗筋,きっこうきん,antagonist muscle,cơ đối kháng,"Cơ tạo ra chuyển động ngược với cơ chủ vận, giúp kiểm soát và cân bằng vận động.",STOTT PILATES解剖学資料.pdf,1,
挙上,きょじょう,elevation,nâng lên,"Chuyển động đưa một cấu trúc lên trên, ví dụ nhún vai để nâng xương bả vai.",STOTT PILATES解剖学資料.pdf,2,
梨状筋,りじょうきん,piriformis muscle,cơ hình lê,"Cơ sâu vùng mông, giúp xoay ngoài hông và ổn định khớp háng; dây thần kinh tọa thường đi gần cơ này.",STOTT PILATES解剖学資料.pdf,4,
棘上筋,きょくじょうきん,supraspinatus,cơ trên gai,"Một cơ của chóp xoay, khởi đầu động tác dạng vai và giúp ổn định chỏm xương cánh tay.",STOTT PILATES解剖学資料.pdf,3,
棘下筋,きょくかきん,infraspinatus,cơ dưới gai,"Một cơ của chóp xoay, chủ yếu giúp xoay ngoài cánh tay và ổn định khớp vai.",STOTT PILATES解剖学資料.pdf,3,
横断面,おうだんめん,transverse plane,mặt phẳng ngang,Mặt phẳng chia cơ thể thành phần trên và dưới; các động tác xoay thường diễn ra chủ yếu trong mặt phẳng này.,STOTT PILATES解剖学資料.pdf,1,
横突間筋,おうとつかんきん,intertransversarii muscles,cơ gian mỏm ngang,"Các cơ nhỏ giữa các mỏm ngang của đốt sống, hỗ trợ nghiêng bên và ổn định cột sống.",STOTT PILATES解剖学資料.pdf,3,
横隔膜,おうかくまく,diaphragm,cơ hoành,"Cơ hô hấp chính nằm dưới phổi, co xuống khi hít vào để tăng thể tích lồng ngực.",STOTT PILATES解剖学資料.pdf,3,
橈骨,とうこつ,radius,xương quay,"Một trong hai xương cẳng tay, nằm phía ngón cái và tham gia nhiều vào chuyển động xoay cẳng tay và khớp cổ tay.",STOTT PILATES解剖学資料.pdf,3,
水平面,すいへいめん,horizontal plane,mặt phẳng ngang,"Một cách gọi khác của mặt phẳng ngang, chia cơ thể thành phần trên và dưới.",STOTT PILATES解剖学資料.pdf,1,
浮遊肋骨,ふゆうろっこつ,floating ribs,xương sườn cụt,Các xương sườn cuối không nối với xương ức ở phía trước; thường là xương sườn 11 và 12.,STOTT PILATES解剖学資料.pdf,3,
真骨,しんこつ,true ribs (in this document's rib classification context),xương sườn thật,"Trong ngữ cảnh này, chỉ các xương sườn 1–7 nối trực tiếp với xương ức qua sụn sườn.",STOTT PILATES解剖学資料.pdf,3,Translated as 'true ribs' because that is how the source uses it.
矢状面,しじょうめん,sagittal plane,mặt phẳng dọc giữa / mặt phẳng đứng dọc,Mặt phẳng chia cơ thể thành bên trái và bên phải; gấp và duỗi thường diễn ra chủ yếu trong mặt phẳng này.,STOTT PILATES解剖学資料.pdf,1,
短内転筋,たんないてんきん,adductor brevis,cơ khép ngắn,"Cơ ở mặt trong đùi, giúp khép hông và hỗ trợ gấp hông.",STOTT PILATES解剖学資料.pdf,4,
短腓骨筋,たんひこつきん,fibularis brevis / peroneus brevis,cơ mác ngắn,"Cơ ở mặt ngoài cẳng chân, giúp nghiêng bàn chân ra ngoài và hỗ trợ gấp gan chân.",STOTT PILATES解剖学資料.pdf,4,
第三腓骨金,だいさんひこつきん,fibularis tertius muscle (source likely has a typo; standard term is 第三腓骨筋),cơ mác ba,Tên trong nguồn có vẻ là lỗi OCR; thuật ngữ chuẩn là 第三腓骨筋. Cơ này giúp gấp mu và nghiêng bàn chân ra ngoài.,STOTT PILATES解剖学資料.pdf,4,Likely a PDF extraction typo for 第三腓骨筋.
筋肉,きんにく,muscle,cơ / cơ bắp,"Mô có khả năng co để tạo lực, vận động cơ thể và duy trì tư thế.",STOTT PILATES解剖学資料.pdf,1,
筋肉リスト,きんにくリスト,muscle list,danh sách cơ,Tiêu đề chỉ danh sách các cơ được dùng trong tài liệu hoặc phạm vi học.,筋肉リスト.pdf,1,
筋膜,きんまく,fascia,mạc,"Lớp mô liên kết bao quanh và liên kết cơ, nhóm cơ cùng nhiều cấu trúc khác trong cơ thể.",STOTT PILATES解剖学資料.pdf,1,
縫工筋,ほうこうきん,sartorius muscle,cơ may,"Cơ dài chạy chéo mặt trước đùi, hỗ trợ gấp, dạng và xoay ngoài hông, đồng thời gấp gối.",STOTT PILATES解剖学資料.pdf,4,
肋軟骨,ろくなんこつ,costal cartilage,sụn sườn,"Sụn nối đầu trước của nhiều xương sườn với xương ức, giúp lồng ngực có độ đàn hồi.",STOTT PILATES解剖学資料.pdf,3,
肋骨,ろっこつ,rib,xương sườn,"Các xương cong tạo nên phần lớn lồng ngực, bảo vệ tim và phổi và hỗ trợ hô hấp.",STOTT PILATES解剖学資料.pdf,3,
肘筋,ちゅうきん,anconeus muscle,cơ khuỷu,"Cơ nhỏ ở phía sau khuỷu, hỗ trợ cơ tam đầu trong duỗi khuỷu và ổn định khớp.",STOTT PILATES解剖学資料.pdf,3,
肛門挙筋,こうもんきょきん,levator ani muscle,cơ nâng hậu môn,"Nhóm cơ chính của sàn chậu, nâng đỡ các cơ quan vùng chậu và góp phần kiểm soát đại tiểu tiện.",STOTT PILATES解剖学資料.pdf,4,
股関節,こかんせつ,hip joint,khớp háng,"Khớp cầu-chỏm nối xương đùi với ổ cối của xương chậu, cho phép vận động đa hướng.",STOTT PILATES解剖学資料.pdf,2,
股関節と膝,こかんせつとひざ,hip joint and knee,khớp háng và khớp gối,Cụm chỉ hai khớp lớn của chi dưới; nhiều cơ đùi đi qua một hoặc cả hai khớp.,STOTT PILATES解剖学資料.pdf,4,
肩回旋筋群,かたかいせんきんぐん,rotator cuff muscle group,nhóm cơ chóp xoay,"Nhóm bốn cơ quanh vai gồm cơ trên gai, dưới gai, tròn bé và dưới vai; giúp ổn định và xoay khớp vai.",STOTT PILATES解剖学資料.pdf,3,
肩甲下筋,けんこうかきん,subscapularis,cơ dưới vai,"Một cơ của chóp xoay, giúp xoay trong cánh tay và ổn định chỏm xương cánh tay.",STOTT PILATES解剖学資料.pdf,3,
肩甲挙筋,けんこうきょきん,levator scapulae,cơ nâng vai,"Cơ từ cổ đến xương bả vai, giúp nâng và xoay xương bả vai xuống dưới.",STOTT PILATES解剖学資料.pdf,3,
肩甲骨,けんこうこつ,scapula / shoulder blade,xương bả vai,"Xương dẹt hình tam giác ở lưng trên, là nơi bám của nhiều cơ vai và tạo một phần khớp vai.",STOTT PILATES解剖学資料.pdf,2,
肩部と上腕部,けんぶとじょうわんぶ,shoulder region and upper arm region,vùng vai và cánh tay trên,Cụm chỉ khu vực vai và phần cánh tay từ vai đến khuỷu.,STOTT PILATES解剖学資料.pdf,3,
背屈,はいくつ,dorsiflexion,gấp mu,"Chuyển động kéo mu bàn chân về phía cẳng chân, như khi nhấc mũi chân lên.",STOTT PILATES解剖学資料.pdf,2,
背面の腹筋,はいめんのふっきん,posterior abdominal muscle(s),cơ bụng phía sau,"Cách mô tả các cơ ở thành bụng sau, ví dụ cơ vuông thắt lưng, có vai trò ổn định thân và cột sống.",STOTT PILATES解剖学資料.pdf,3,
胸半棘筋,きょうはんきょくきん,semispinalis thoracis,cơ bán gai ngực,"Một phần của nhóm cơ bán gai sâu ở lưng, giúp duỗi và xoay cột sống ngực.",STOTT PILATES解剖学資料.pdf,3,
胸棘筋,きょうきょくきん,spinalis thoracis,cơ gai ngực,"Một phần của nhóm cơ dựng sống, giúp duỗi và ổn định cột sống ngực.",STOTT PILATES解剖学資料.pdf,3,
胸椎,きょうつい,thoracic vertebrae,đốt sống ngực,"Mười hai đốt sống ở đoạn giữa cột sống, nối với các xương sườn.",STOTT PILATES解剖学資料.pdf,3,
胸腸肋筋,きょうちょうろくきん,iliocostalis thoracis,cơ chậu-sườn ngực,"Một phần của nhóm cơ dựng sống, giúp duỗi, nghiêng bên và ổn định cột sống ngực.",STOTT PILATES解剖学資料.pdf,3,
胸郭,きょうかく,thoracic cage / rib cage,lồng ngực,"Cấu trúc gồm đốt sống ngực, xương sườn, sụn sườn và xương ức, bảo vệ tim và phổi.",STOTT PILATES解剖学資料.pdf,3,
胸鎖乳突筋,きょうさにゅうとつきん,sternocleidomastoid muscle,cơ ức-đòn-chũm,"Cơ lớn ở bên cổ, giúp xoay đầu sang phía đối diện, nghiêng cổ và hỗ trợ gấp cổ.",STOTT PILATES解剖学資料.pdf,3,
胸骨,きょうこつ,sternum,xương ức,"Xương dẹt ở giữa ngực trước, nơi nhiều xương sườn nối vào qua sụn sườn.",STOTT PILATES解剖学資料.pdf,3,
胸骨部,きょうこつぶ,sternal part,phần ức,"Chỉ phần của một cơ hoặc cấu trúc liên quan đến xương ức, ví dụ phần ức của cơ ngực lớn.",STOTT PILATES解剖学資料.pdf,3,
脊柱,せきちゅう,vertebral column / spine,cột sống,"Chuỗi các đốt sống từ cổ đến xương cùng, nâng đỡ cơ thể và bảo vệ tủy sống.",STOTT PILATES解剖学資料.pdf,3,
脊柱と胸郭,せきちゅうときょうかく,vertebral column and thoracic cage,cột sống và lồng ngực,"Hai hệ cấu trúc xương trung tâm của thân mình, quan trọng cho tư thế, bảo vệ nội tạng và hô hấp.",STOTT PILATES解剖学資料.pdf,3,
脊柱の後面,せきちゅうのこうめん,posterior aspect of the vertebral column,mặt sau của cột sống,"Chỉ vùng phía sau cột sống, nơi có nhiều cơ duỗi và ổn định lưng.",筋肉リスト.pdf,1,
脊柱の深層筋,せきちゅうのしんそうきん,deep muscles of the vertebral column,các cơ sâu của cột sống,"Nhóm cơ nằm sát các đốt sống, chủ yếu có vai trò ổn định, kiểm soát tư thế và các chuyển động nhỏ.",STOTT PILATES解剖学資料.pdf,3,
脚と足,あしとあし,leg and foot,cẳng chân và bàn chân / chân và bàn chân,Cụm chỉ các phần chi dưới ở phía dưới gối và vùng bàn chân trong ngữ cảnh giải phẫu.,STOTT PILATES解剖学資料.pdf,4,
腓腹筋,ひふくきん,gastrocnemius muscle,cơ bụng chân,"Cơ lớn nông ở bắp chân, giúp gấp gan chân và hỗ trợ gấp gối.",STOTT PILATES解剖学資料.pdf,4,
腕橈骨筋,わんとうこつきん,brachioradialis muscle,cơ cánh tay quay,"Cơ ở cẳng tay giúp gấp khuỷu, đặc biệt khi cẳng tay ở tư thế trung gian giữa sấp và ngửa.",STOTT PILATES解剖学資料.pdf,3,
腰方形筋,ようほうけいきん,quadratus lumborum,cơ vuông thắt lưng,"Cơ sâu ở thành bụng sau, giúp nghiêng thân, ổn định cột sống thắt lưng và cố định xương sườn 12 khi thở.",STOTT PILATES解剖学資料.pdf,3,
腰椎,ようつい,lumbar vertebrae,đốt sống thắt lưng,"Năm đốt sống lớn ở vùng lưng dưới, chịu phần lớn tải trọng của thân trên.",STOTT PILATES解剖学資料.pdf,3,
腰腸肋筋,ようちょうろくきん,iliocostalis lumborum,cơ chậu-sườn thắt lưng,"Phần thấp của nhóm cơ dựng sống, giúp duỗi, nghiêng bên và ổn định cột sống.",STOTT PILATES解剖学資料.pdf,3,
腸骨,ちょうこつ,ilium,xương cánh chậu,"Phần lớn và trên của xương hông, tạo nên phần rộng của xương chậu.",STOTT PILATES解剖学資料.pdf,4,
腸骨筋,ちょうこつきん,iliacus muscle,cơ chậu,"Cơ nằm trong hố chậu, hợp với cơ thắt lưng lớn thành cơ thắt lưng-chậu và giúp gấp hông.",STOTT PILATES解剖学資料.pdf,4,
腹横筋,ふくおうきん,transversus abdominis,cơ ngang bụng,"Cơ sâu nhất của thành bụng bên, giúp nén ổ bụng và ổn định thân, cột sống và xương chậu.",STOTT PILATES解剖学資料.pdf,3,
腹直筋,ふくちょくきん,rectus abdominis,cơ thẳng bụng,"Cơ chạy dọc thành bụng trước, giúp gấp thân và hỗ trợ kiểm soát xương chậu.",STOTT PILATES解剖学資料.pdf,3,
膝窩筋,しつかきん,popliteus muscle,cơ khoeo,"Cơ nhỏ phía sau gối, giúp khởi đầu động tác mở khóa gối khi bắt đầu gấp và hỗ trợ ổn định khớp.",STOTT PILATES解剖学資料.pdf,4,
膝関節,しつかんせつ,knee joint,khớp gối,"Khớp lớn giữa xương đùi, xương chày và xương bánh chè, chủ yếu cho phép gấp và duỗi.",STOTT PILATES解剖学資料.pdf,4,
補助筋,ほじょきん,synergist / assisting muscle,cơ hiệp đồng / cơ hỗ trợ,Cơ hỗ trợ cơ chủ vận tạo chuyển động hoặc giúp ổn định khớp để chuyển động diễn ra hiệu quả.,STOTT PILATES解剖学資料.pdf,1,
解剖学において人体を記述する際に,かいぼうがくにおいてじんたいをきじゅつするさいに,when describing the human body in anatomy (fragment),khi mô tả cơ thể người trong giải phẫu,"Mảnh câu giới thiệu nguyên tắc dùng tư thế và thuật ngữ chuẩn để mô tả vị trí, hướng và chuyển động.",STOTT PILATES解剖学資料.pdf,1,
解剖学的肢位とは,かいぼうがくてきしいとは,what is the anatomical position?,tư thế giải phẫu là gì?,"Cụm hỏi về tư thế giải phẫu chuẩn: đứng thẳng, mặt hướng trước, tay xuôi với lòng bàn tay hướng ra trước.",STOTT PILATES解剖学資料.pdf,1,
試験範囲となっています,しけんはんいとなっています,is included in the exam scope,nằm trong phạm vi thi,Cụm cho biết nội dung đó vẫn có thể xuất hiện trong bài kiểm tra hoặc kỳ thi.,筋肉リスト.pdf,1,
足底筋,そくていきん,plantaris muscle,cơ gan chân,Một cơ nhỏ ở mặt sau cẳng chân với gân dài; hỗ trợ nhẹ gấp gan chân và gấp gối.,STOTT PILATES解剖学資料.pdf,4,
足関節,そくかんせつ,ankle joint,khớp cổ chân,"Khớp nối cẳng chân với bàn chân, đặc biệt liên quan đến động tác gấp mu và gấp gan chân.",STOTT PILATES解剖学資料.pdf,2,
身体の前面,しんたいのぜんめん,front/anterior side of the body,mặt trước cơ thể,Chỉ phía trước của cơ thể theo tư thế giải phẫu chuẩn.,STOTT PILATES解剖学資料.pdf,3,
身体の動き,しんたいのうごき,body movements,chuyển động của cơ thể,Nhóm thuật ngữ mô tả cách các khớp và bộ phận cơ thể di chuyển.,STOTT PILATES解剖学資料.pdf,1,
身体の後面,しんたいのこうめん,back/posterior side of the body,mặt sau cơ thể,Chỉ phía sau của cơ thể theo tư thế giải phẫu chuẩn.,STOTT PILATES解剖学資料.pdf,3,
身体の方向を表す,しんたいのほうこうをあらわす,expresses/describes body direction (fragment),mô tả hướng của cơ thể,Mảnh câu nói về các thuật ngữ hoặc mặt phẳng dùng để biểu thị phương hướng trong giải phẫu.,筋肉リスト.pdf,2,
身体の構造,しんたいのこうぞう,structure of the body,cấu trúc cơ thể,"Chủ đề nói về các thành phần như cơ, xương, gân, dây chằng và mạc.",STOTT PILATES解剖学資料.pdf,1,
身体の部位,しんたいのぶい,regions/parts of the body,các vùng / bộ phận cơ thể,Chủ đề phân chia cơ thể thành các vùng giải phẫu để học cấu trúc và vận động.,STOTT PILATES解剖学資料.pdf,3,
運動面,うんどうめん,planes of movement,mặt phẳng vận động,"Các mặt phẳng giải phẫu dùng để mô tả hướng chuyển động, thường gồm mặt phẳng dọc, trán và ngang.",STOTT PILATES解剖学資料.pdf,1,
錐体筋,すいたいきん,pyramidalis muscle,cơ tháp,"Cơ nhỏ ở phần dưới thành bụng trước, giúp căng đường trắng giữa bụng; không phải ai cũng có cơ này.",STOTT PILATES解剖学資料.pdf,3,
鎖骨,さこつ,clavicle / collarbone,xương đòn,"Xương dài nằm ngang ở phía trước vai, nối xương ức với xương bả vai.",STOTT PILATES解剖学資料.pdf,3,
鎖骨下筋,さこつかきん,subclavius muscle,cơ dưới đòn,"Cơ nhỏ nằm dưới xương đòn, giúp kéo và ổn định xương đòn.",STOTT PILATES解剖学資料.pdf,3,
鎖骨部繊維,さこつぶせんい,clavicular fibers,các sợi phần đòn,"Chỉ các sợi cơ bám hoặc liên quan đến xương đòn, ví dụ phần đòn của cơ ngực lớn.",STOTT PILATES解剖学資料.pdf,3,
長内転筋,ちょうないてんきん,adductor longus,cơ khép dài,"Cơ ở mặt trong đùi, giúp khép hông và hỗ trợ gấp hông.",STOTT PILATES解剖学資料.pdf,4,
長回旋筋と短回旋筋,ちょうかいせんきんとたんかいせんきん,long and short rotatores muscles,cơ xoay dài và cơ xoay ngắn,"Các cơ sâu nhỏ giữa các đốt sống, giúp xoay nhẹ và ổn định cột sống.",STOTT PILATES解剖学資料.pdf,3,
長母趾伸筋,ちょうぼししんきん,extensor hallucis longus,cơ duỗi dài ngón cái chân,"Cơ ở cẳng chân trước, giúp duỗi ngón cái và gấp mu bàn chân.",STOTT PILATES解剖学資料.pdf,4,
長母趾屈筋,ちょうぼしくっきん,flexor hallucis longus,cơ gấp dài ngón cái chân,"Cơ sâu ở mặt sau cẳng chân, giúp gấp ngón cái và hỗ trợ gấp gan chân, quan trọng khi đẩy người về trước.",STOTT PILATES解剖学資料.pdf,4,
長肋骨挙筋と短肋骨挙筋,ちょうろっこつきょきんとたんろっこつきょきん,levatores costarum longi and breves,cơ nâng sườn dài và ngắn,Các cơ nhỏ ở lưng ngực giúp nâng xương sườn và có thể hỗ trợ hít vào cũng như vận động cột sống.,STOTT PILATES解剖学資料.pdf,3,
長腓骨筋,ちょうひこつきん,fibularis longus / peroneus longus,cơ mác dài,"Cơ ở mặt ngoài cẳng chân, giúp nghiêng bàn chân ra ngoài, hỗ trợ gấp gan chân và nâng đỡ vòm bàn chân.",STOTT PILATES解剖学資料.pdf,4,
長趾伸筋,ちょうししんきん,extensor digitorum longus,cơ duỗi dài các ngón chân,"Cơ ở cẳng chân trước, giúp duỗi các ngón 2–5 và gấp mu bàn chân.",STOTT PILATES解剖学資料.pdf,4,
長趾屈筋,ちょうしくっきん,flexor digitorum longus,cơ gấp dài các ngón chân,"Cơ sâu ở mặt sau cẳng chân, giúp gấp các ngón 2–5 và hỗ trợ gấp gan chân.",STOTT PILATES解剖学資料.pdf,4,
関節の運動を表す用語,かんせつのうんどうをあらわすようご,terms describing joint movements,thuật ngữ mô tả vận động khớp,"Tiêu đề cho nhóm từ như gấp, duỗi, dạng, khép, xoay, sấp và ngửa.",筋肉リスト.pdf,2,
関節運動を表す用語,かんせつうんどうをあらわすようご,terms describing joint movements,thuật ngữ biểu thị chuyển động khớp,Cách gọi cho hệ thuật ngữ chuẩn dùng để mô tả các chuyển động xảy ra tại khớp.,STOTT PILATES解剖学資料.pdf,2,
靭帯,じんたい,ligament,dây chằng,"Dải mô liên kết chắc nối xương với xương, giúp dẫn hướng và ổn định khớp.",STOTT PILATES解剖学資料.pdf,1,
頚半棘筋,けいはんきょくきん,semispinalis cervicis,cơ bán gai cổ,"Một cơ sâu ở phía sau cổ, giúp duỗi và xoay cột sống cổ.",STOTT PILATES解剖学資料.pdf,3,
頚最長筋,けいさいちょうきん,longissimus cervicis,cơ dài nhất cổ,"Một phần của nhóm cơ dựng sống, giúp duỗi và nghiêng cột sống cổ.",STOTT PILATES解剖学資料.pdf,3,
頚板状筋,けいばんじょうきん,splenius cervicis,cơ gối cổ,"Cơ ở phía sau cổ, giúp duỗi, xoay và nghiêng cổ về cùng bên.",STOTT PILATES解剖学資料.pdf,3,
頚棘筋,けいきょくきん,spinalis cervicis,cơ gai cổ,"Một phần nhỏ của nhóm cơ dựng sống ở cổ, hỗ trợ duỗi và ổn định cột sống cổ.",STOTT PILATES解剖学資料.pdf,3,
頚腸肋筋,けいちょうろくきん,iliocostalis cervicis,cơ chậu-sườn cổ,"Phần trên của nhóm cơ chậu-sườn, giúp duỗi và nghiêng cột sống cổ.",STOTT PILATES解剖学資料.pdf,3,
頚長筋と頭長筋,けいちょうきんととうちょうきん,longus colli and longus capitis muscles,cơ dài cổ và cơ dài đầu,"Hai cơ sâu ở mặt trước cổ, giúp gấp cổ/đầu và ổn định cột sống cổ.",STOTT PILATES解剖学資料.pdf,3,
頭半棘筋,とうはんきょくきん,semispinalis capitis,cơ bán gai đầu,"Cơ sâu phía sau cổ, giúp duỗi đầu và xoay đầu sang phía đối diện.",STOTT PILATES解剖学資料.pdf,3,
頭最長筋,とうさいちょうきん,longissimus capitis,cơ dài nhất đầu,"Cơ sâu ở phía sau cổ, giúp duỗi và nghiêng đầu, đồng thời hỗ trợ xoay đầu.",STOTT PILATES解剖学資料.pdf,3,
頭板状筋,とうばんじょうきん,splenius capitis,cơ gối đầu,"Cơ phía sau cổ, giúp duỗi, nghiêng và xoay đầu về cùng bên.",STOTT PILATES解剖学資料.pdf,3,
頸椎,けいつい,cervical vertebrae,đốt sống cổ,"Bảy đốt sống ở vùng cổ, nâng đỡ đầu và cho phép cổ vận động linh hoạt.",STOTT PILATES解剖学資料.pdf,3,
養成コースにおいて必要な解剖学用語,ようせいコースにおいてひつようなかいぼうがくようご,anatomical terms required in the training course,thuật ngữ giải phẫu cần thiết trong khóa đào tạo,Tiêu đề chỉ các thuật ngữ giải phẫu mà học viên cần biết trong khóa học.,STOTT PILATES解剖学資料.pdf,1,
骨と筋肉,ほねときんにく,bones and muscles,xương và cơ,Hai thành phần chính của hệ vận động; xương tạo khung và cơ tạo lực để tạo chuyển động.,STOTT PILATES解剖学資料.pdf,3,
骨盤,こつばん,pelvis,xương chậu / khung chậu,"Vòng xương ở đáy thân mình, nối cột sống với chi dưới và bảo vệ các cơ quan vùng chậu.",STOTT PILATES解剖学資料.pdf,4,
骨盤底,こつばんてい,pelvic floor,sàn chậu,"Nhóm cơ và mô ở đáy xương chậu, nâng đỡ các cơ quan vùng chậu và góp phần kiểm soát đại tiểu tiện.",STOTT PILATES解剖学資料.pdf,4,
鳥口腕筋,うこうわんきん,coracobrachialis muscle (standard spelling is 烏口腕筋),cơ quạ-cánh tay,Tên nguồn dùng chữ 鳥; cách viết giải phẫu chuẩn thường là 烏口腕筋. Cơ này giúp gấp và khép cánh tay ở khớp vai.,STOTT PILATES解剖学資料.pdf,3,Source spelling; standard anatomical spelling is usually 烏口腕筋.
